{"_format":"ethers-rs-sol-cache-3","paths":{"artifacts":"out","build_infos":"out/build-info","sources":"src","tests":"test","scripts":"script","libraries":["lib"]},"files":{"lib/forge-std/lib/ds-test/src/test.sol":{"lastModificationDate":1707581422439,"contentHash":"9febff9d09f18af5306669dc276c4c43","sourceName":"lib/forge-std/lib/ds-test/src/test.sol","solcConfig":{"settings":{"optimizer":{"enabled":true,"runs":200},"metadata":{"useLiteralContent":false,"bytecodeHash":"ipfs","appendCBOR":true},"outputSelection":{"*":{"":["ast"],"*":["abi","evm.bytecode","evm.deployedBytecode","evm.methodIdentifiers","metadata"]}},"evmVersion":"paris","libraries":{}}},"imports":[],"versionRequirement":">=0.5.0","artifacts":{"DSTest":{"0.8.24+commit.e11b9ed9.Darwin.appleclang":"test.sol/DSTest.json"}}},"lib/forge-std/src/Base.sol":{"lastModificationDate":1707581422440,"contentHash":"ee13c050b1914464f1d3f90cde90204b","sourceName":"lib/forge-std/src/Base.sol","solcConfig":{"settings":{"optimizer":{"enabled":true,"runs":200},"metadata":{"useLiteralContent":false,"bytecodeHash":"ipfs","appendCBOR":true},"outputSelection":{"*":{"":["ast"],"*":["abi","evm.bytecode","evm.deployedBytecode","evm.methodIdentifiers","metadata"]}},"evmVersion":"paris","libraries":{}}},"imports":["lib/forge-std/src/StdStorage.sol","lib/forge-std/src/Vm.sol"],"versionRequirement":">=0.6.2, <0.9.0","artifacts":{"CommonBase":{"0.8.24+commit.e11b9ed9.Darwin.appleclang":"Base.sol/CommonBase.json"},"ScriptBase":{"0.8.24+commit.e11b9ed9.Darwin.appleclang":"Base.sol/ScriptBase.json"},"TestBase":{"0.8.24+commit.e11b9ed9.Darwin.appleclang":"Base.sol/TestBase.json"}}},"lib/forge-std/src/StdAssertions.sol":{"lastModificationDate":1707581422443,"contentHash":"6cc2858240bcd443debbbf075490e325","sourceName":"lib/forge-std/src/StdAssertions.sol","solcConfig":{"settings":{"optimizer":{"enabled":true,"runs":200},"metadata":{"useLiteralContent":false,"bytecodeHash":"ipfs","appendCBOR":true},"outputSelection":{"*":{"":["ast"],"*":["abi","evm.bytecode","evm.deployedBytecode","evm.methodIdentifiers","metadata"]}},"evmVersion":"paris","libraries":{}}},"imports":["lib/forge-std/lib/ds-test/src/test.sol","lib/forge-std/src/StdMath.sol"],"versionRequirement":">=0.6.2, <0.9.0","artifacts":{"StdAssertions":{"0.8.24+commit.e11b9ed9.Darwin.appleclang":"StdAssertions.sol/StdAssertions.json"}}},"lib/forge-std/src/StdChains.sol":{"lastModificationDate":1707581422443,"contentHash":"266a53b71b3a6b9c6c1d7e7763610cb8","sourceName":"lib/forge-std/src/StdChains.sol","solcConfig":{"settings":{"optimizer":{"enabled":true,"runs":200},"metadata":{"useLiteralContent":false,"bytecodeHash":"ipfs","appendCBOR":true},"outputSelection":{"*":{"":["ast"],"*":["abi","evm.bytecode","evm.deployedBytecode","evm.methodIdentifiers","metadata"]}},"evmVersion":"paris","libraries":{}}},"imports":["lib/forge-std/src/Vm.sol"],"versionRequirement":">=0.6.2, <0.9.0","artifacts":{"StdChains":{"0.8.24+commit.e11b9ed9.Darwin.appleclang":"StdChains.sol/StdChains.json"}}},"lib/forge-std/src/StdCheats.sol":{"lastModificationDate":1707581422444,"contentHash":"7922ae0087a21ee3cdb97137be18c06c","sourceName":"lib/forge-std/src/StdCheats.sol","solcConfig":{"settings":{"optimizer":{"enabled":true,"runs":200},"metadata":{"useLiteralContent":false,"bytecodeHash":"ipfs","appendCBOR":true},"outputSelection":{"*":{"":["ast"],"*":["abi","evm.bytecode","evm.deployedBytecode","evm.methodIdentifiers","metadata"]}},"evmVersion":"paris","libraries":{}}},"imports":["lib/forge-std/src/StdStorage.sol","lib/forge-std/src/Vm.sol","lib/forge-std/src/console2.sol"],"versionRequirement":">=0.6.2, <0.9.0","artifacts":{"StdCheats":{"0.8.24+commit.e11b9ed9.Darwin.appleclang":"StdCheats.sol/StdCheats.json"},"StdCheatsSafe":{"0.8.24+commit.e11b9ed9.Darwin.appleclang":"StdCheats.sol/StdCheatsSafe.json"}}},"lib/forge-std/src/StdError.sol":{"lastModificationDate":1707581422444,"contentHash":"64c896e1276a291776e5ea5aecb3870a","sourceName":"lib/forge-std/src/StdError.sol","solcConfig":{"settings":{"optimizer":{"enabled":true,"runs":200},"metadata":{"useLiteralContent":false,"bytecodeHash":"ipfs","appendCBOR":true},"outputSelection":{"*":{"":["ast"],"*":["abi","evm.bytecode","evm.deployedBytecode","evm.methodIdentifiers","metadata"]}},"evmVersion":"paris","libraries":{}}},"imports":[],"versionRequirement":">=0.6.2, <0.9.0","artifacts":{"stdError":{"0.8.24+commit.e11b9ed9.Darwin.appleclang":"StdError.sol/stdError.json"}}},"lib/forge-std/src/StdInvariant.sol":{"lastModificationDate":1707581422444,"contentHash":"0a580d6fac69e9d4b6504f747f3c0c24","sourceName":"lib/forge-std/src/StdInvariant.sol","solcConfig":{"settings":{"optimizer":{"enabled":true,"runs":200},"metadata":{"useLiteralContent":false,"bytecodeHash":"ipfs","appendCBOR":true},"outputSelection":{"*":{"":["ast"],"*":["abi","evm.bytecode","evm.deployedBytecode","evm.methodIdentifiers","metadata"]}},"evmVersion":"paris","libraries":{}}},"imports":[],"versionRequirement":">=0.6.2, <0.9.0","artifacts":{"StdInvariant":{"0.8.24+commit.e11b9ed9.Darwin.appleclang":"StdInvariant.sol/StdInvariant.json"}}},"lib/forge-std/src/StdJson.sol":{"lastModificationDate":1707581422444,"contentHash":"a341308627b7eeab7589534daad58186","sourceName":"lib/forge-std/src/StdJson.sol","solcConfig":{"settings":{"optimizer":{"enabled":true,"runs":200},"metadata":{"useLiteralContent":false,"bytecodeHash":"ipfs","appendCBOR":true},"outputSelection":{"*":{"":["ast"],"*":["abi","evm.bytecode","evm.deployedBytecode","evm.methodIdentifiers","metadata"]}},"evmVersion":"paris","libraries":{}}},"imports":["lib/forge-std/src/Vm.sol"],"versionRequirement":">=0.6.0, <0.9.0","artifacts":{"stdJson":{"0.8.24+commit.e11b9ed9.Darwin.appleclang":"StdJson.sol/stdJson.json"}}},"lib/forge-std/src/StdMath.sol":{"lastModificationDate":1707581422444,"contentHash":"9da8f453eba6bb98f3d75bc6822bfb29","sourceName":"lib/forge-std/src/StdMath.sol","solcConfig":{"settings":{"optimizer":{"enabled":true,"runs":200},"metadata":{"useLiteralContent":false,"bytecodeHash":"ipfs","appendCBOR":true},"outputSelection":{"*":{"":["ast"],"*":["abi","evm.bytecode","evm.deployedBytecode","evm.methodIdentifiers","metadata"]}},"evmVersion":"paris","libraries":{}}},"imports":[],"versionRequirement":">=0.6.2, <0.9.0","artifacts":{"stdMath":{"0.8.24+commit.e11b9ed9.Darwin.appleclang":"StdMath.sol/stdMath.json"}}},"lib/forge-std/src/StdStorage.sol":{"lastModificationDate":1707581422444,"contentHash":"abd6f3379e6e2a7979b18abc21aea0c1","sourceName":"lib/forge-std/src/StdStorage.sol","solcConfig":{"settings":{"optimizer":{"enabled":true,"runs":200},"metadata":{"useLiteralContent":false,"bytecodeHash":"ipfs","appendCBOR":true},"outputSelection":{"*":{"":["ast"],"*":["abi","evm.bytecode","evm.deployedBytecode","evm.methodIdentifiers","metadata"]}},"evmVersion":"paris","libraries":{}}},"imports":["lib/forge-std/src/Vm.sol"],"versionRequirement":">=0.6.2, <0.9.0","artifacts":{"stdStorage":{"0.8.24+commit.e11b9ed9.Darwin.appleclang":"StdStorage.sol/stdStorage.json"},"stdStorageSafe":{"0.8.24+commit.e11b9ed9.Darwin.appleclang":"StdStorage.sol/stdStorageSafe.json"}}},"lib/forge-std/src/StdStyle.sol":{"lastModificationDate":1707581422444,"contentHash":"6281165a12aa639705c691fccefd855e","sourceName":"lib/forge-std/src/StdStyle.sol","solcConfig":{"settings":{"optimizer":{"enabled":true,"runs":200},"metadata":{"useLiteralContent":false,"bytecodeHash":"ipfs","appendCBOR":true},"outputSelection":{"*":{"":["ast"],"*":["abi","evm.bytecode","evm.deployedBytecode","evm.methodIdentifiers","metadata"]}},"evmVersion":"paris","libraries":{}}},"imports":["lib/forge-std/src/Vm.sol"],"versionRequirement":">=0.4.22, <0.9.0","artifacts":{"StdStyle":{"0.8.24+commit.e11b9ed9.Darwin.appleclang":"StdStyle.sol/StdStyle.json"}}},"lib/forge-std/src/StdUtils.sol":{"lastModificationDate":1707581422445,"contentHash":"2ace460f60242ec59c9310db966aee97","sourceName":"lib/forge-std/src/StdUtils.sol","solcConfig":{"settings":{"optimizer":{"enabled":true,"runs":200},"metadata":{"useLiteralContent":false,"bytecodeHash":"ipfs","appendCBOR":true},"outputSelection":{"*":{"":["ast"],"*":["abi","evm.bytecode","evm.deployedBytecode","evm.methodIdentifiers","metadata"]}},"evmVersion":"paris","libraries":{}}},"imports":["lib/forge-std/src/Vm.sol","lib/forge-std/src/interfaces/IMulticall3.sol","lib/forge-std/src/mocks/MockERC20.sol","lib/forge-std/src/mocks/MockERC721.sol"],"versionRequirement":">=0.6.2, <0.9.0","artifacts":{"StdUtils":{"0.8.24+commit.e11b9ed9.Darwin.appleclang":"StdUtils.sol/StdUtils.json"}}},"lib/forge-std/src/Test.sol":{"lastModificationDate":1707581422445,"contentHash":"15866901137b5670eabf31362523bd28","sourceName":"lib/forge-std/src/Test.sol","solcConfig":{"settings":{"optimizer":{"enabled":true,"runs":200},"metadata":{"useLiteralContent":false,"bytecodeHash":"ipfs","appendCBOR":true},"outputSelection":{"*":{"":["ast"],"*":["abi","evm.bytecode","evm.deployedBytecode","evm.methodIdentifiers","metadata"]}},"evmVersion":"paris","libraries":{}}},"imports":["lib/forge-std/lib/ds-test/src/test.sol","lib/forge-std/src/Base.sol","lib/forge-std/src/StdAssertions.sol","lib/forge-std/src/StdChains.sol","lib/forge-std/src/StdCheats.sol","lib/forge-std/src/StdError.sol","lib/forge-std/src/StdInvariant.sol","lib/forge-std/src/StdJson.sol","lib/forge-std/src/StdMath.sol","lib/forge-std/src/StdStorage.sol","lib/forge-std/src/StdStyle.sol","lib/forge-std/src/StdUtils.sol","lib/forge-std/src/Vm.sol","lib/forge-std/src/console.sol","lib/forge-std/src/console2.sol","lib/forge-std/src/interfaces/IMulticall3.sol","lib/forge-std/src/mocks/MockERC20.sol","lib/forge-std/src/mocks/MockERC721.sol","lib/forge-std/src/safeconsole.sol"],"versionRequirement":">=0.6.2, <0.9.0","artifacts":{"Test":{"0.8.24+commit.e11b9ed9.Darwin.appleclang":"Test.sol/Test.json"}}},"lib/forge-std/src/Vm.sol":{"lastModificationDate":1707581422445,"contentHash":"44e160f15058bcfde52b01dbdfeccb95","sourceName":"lib/forge-std/src/Vm.sol","solcConfig":{"settings":{"optimizer":{"enabled":true,"runs":200},"metadata":{"useLiteralContent":false,"bytecodeHash":"ipfs","appendCBOR":true},"outputSelection":{"*":{"":["ast"],"*":["abi","evm.bytecode","evm.deployedBytecode","evm.methodIdentifiers","metadata"]}},"evmVersion":"paris","libraries":{}}},"imports":[],"versionRequirement":">=0.6.2, <0.9.0","artifacts":{"Vm":{"0.8.24+commit.e11b9ed9.Darwin.appleclang":"Vm.sol/Vm.json"},"VmSafe":{"0.8.24+commit.e11b9ed9.Darwin.appleclang":"Vm.sol/VmSafe.json"}}},"lib/forge-std/src/console.sol":{"lastModificationDate":1707581422441,"contentHash":"100b8a33b917da1147740d7ab8b0ded3","sourceName":"lib/forge-std/src/console.sol","solcConfig":{"settings":{"optimizer":{"enabled":true,"runs":200},"metadata":{"useLiteralContent":false,"bytecodeHash":"ipfs","appendCBOR":true},"outputSelection":{"*":{"":["ast"],"*":["abi","evm.bytecode","evm.deployedBytecode","evm.methodIdentifiers","metadata"]}},"evmVersion":"paris","libraries":{}}},"imports":[],"versionRequirement":">=0.4.22, <0.9.0","artifacts":{"console":{"0.8.24+commit.e11b9ed9.Darwin.appleclang":"console.sol/console.json"}}},"lib/forge-std/src/console2.sol":{"lastModificationDate":1707581422441,"contentHash":"491ca717c1915995e78cc361485a3067","sourceName":"lib/forge-std/src/console2.sol","solcConfig":{"settings":{"optimizer":{"enabled":true,"runs":200},"metadata":{"useLiteralContent":false,"bytecodeHash":"ipfs","appendCBOR":true},"outputSelection":{"*":{"":["ast"],"*":["abi","evm.bytecode","evm.deployedBytecode","evm.methodIdentifiers","metadata"]}},"evmVersion":"paris","libraries":{}}},"imports":[],"versionRequirement":">=0.4.22, <0.9.0","artifacts":{"console2":{"0.8.24+commit.e11b9ed9.Darwin.appleclang":"console2.sol/console2.json"}}},"lib/forge-std/src/interfaces/IMulticall3.sol":{"lastModificationDate":1707581422442,"contentHash":"7b131ca1ca32ef6378b7b9ad5488b901","sourceName":"lib/forge-std/src/interfaces/IMulticall3.sol","solcConfig":{"settings":{"optimizer":{"enabled":true,"runs":200},"metadata":{"useLiteralContent":false,"bytecodeHash":"ipfs","appendCBOR":true},"outputSelection":{"*":{"":["ast"],"*":["abi","evm.bytecode","evm.deployedBytecode","evm.methodIdentifiers","metadata"]}},"evmVersion":"paris","libraries":{}}},"imports":[],"versionRequirement":">=0.6.2, <0.9.0","artifacts":{"IMulticall3":{"0.8.24+commit.e11b9ed9.Darwin.appleclang":"IMulticall3.sol/IMulticall3.json"}}},"lib/forge-std/src/mocks/MockERC20.sol":{"lastModificationDate":1707581422442,"contentHash":"9ec848e74c56e40afdd01ac0c873dc3b","sourceName":"lib/forge-std/src/mocks/MockERC20.sol","solcConfig":{"settings":{"optimizer":{"enabled":true,"runs":200},"metadata":{"useLiteralContent":false,"bytecodeHash":"ipfs","appendCBOR":true},"outputSelection":{"*":{"":["ast"],"*":["abi","evm.bytecode","evm.deployedBytecode","evm.methodIdentifiers","metadata"]}},"evmVersion":"paris","libraries":{}}},"imports":[],"versionRequirement":">=0.6.2, <0.9.0","artifacts":{"MockERC20":{"0.8.24+commit.e11b9ed9.Darwin.appleclang":"MockERC20.sol/MockERC20.json"}}},"lib/forge-std/src/mocks/MockERC721.sol":{"lastModificationDate":1707581422442,"contentHash":"b6729ea581dcd9b4238eee9ca4d3bd89","sourceName":"lib/forge-std/src/mocks/MockERC721.sol","solcConfig":{"settings":{"optimizer":{"enabled":true,"runs":200},"metadata":{"useLiteralContent":false,"bytecodeHash":"ipfs","appendCBOR":true},"outputSelection":{"*":{"":["ast"],"*":["abi","evm.bytecode","evm.deployedBytecode","evm.methodIdentifiers","metadata"]}},"evmVersion":"paris","libraries":{}}},"imports":[],"versionRequirement":">=0.6.2, <0.9.0","artifacts":{"IERC721TokenReceiver":{"0.8.24+commit.e11b9ed9.Darwin.appleclang":"MockERC721.sol/IERC721TokenReceiver.json"},"MockERC721":{"0.8.24+commit.e11b9ed9.Darwin.appleclang":"MockERC721.sol/MockERC721.json"}}},"lib/forge-std/src/safeconsole.sol":{"lastModificationDate":1707581422443,"contentHash":"ac3b1bf5a444db5db3656021830258a8","sourceName":"lib/forge-std/src/safeconsole.sol","solcConfig":{"settings":{"optimizer":{"enabled":true,"runs":200},"metadata":{"useLiteralContent":false,"bytecodeHash":"ipfs","appendCBOR":true},"outputSelection":{"*":{"":["ast"],"*":["abi","evm.bytecode","evm.deployedBytecode","evm.methodIdentifiers","metadata"]}},"evmVersion":"paris","libraries":{}}},"imports":[],"versionRequirement":">=0.6.2, <0.9.0","artifacts":{"safeconsole":{"0.8.24+commit.e11b9ed9.Darwin.appleclang":"safeconsole.sol/safeconsole.json"}}},"lib/openzeppelin-contracts/contracts/access/Ownable.sol":{"lastModificationDate":1707581422472,"contentHash":"d3c790edc9ccf808a17c5a6cd13614fd","sourceName":"lib/openzeppelin-contracts/contracts/access/Ownable.sol","solcConfig":{"settings":{"optimizer":{"enabled":true,"runs":200},"metadata":{"useLiteralContent":false,"bytecodeHash":"ipfs","appendCBOR":true},"outputSelection":{"*":{"":["ast"],"*":["abi","evm.bytecode","evm.deployedBytecode","evm.methodIdentifiers","metadata"]}},"evmVersion":"paris","libraries":{}}},"imports":["lib/openzeppelin-contracts/contracts/utils/Context.sol"],"versionRequirement":"^0.8.20","artifacts":{"Ownable":{"0.8.24+commit.e11b9ed9.Darwin.appleclang":"Ownable.sol/Ownable.json"}}},"lib/openzeppelin-contracts/contracts/utils/Context.sol":{"lastModificationDate":1707581422496,"contentHash":"67bfbc07588eb8683b3fd8f6f909563e","sourceName":"lib/openzeppelin-contracts/contracts/utils/Context.sol","solcConfig":{"settings":{"optimizer":{"enabled":true,"runs":200},"metadata":{"useLiteralContent":false,"bytecodeHash":"ipfs","appendCBOR":true},"outputSelection":{"*":{"":["ast"],"*":["abi","evm.bytecode","evm.deployedBytecode","evm.methodIdentifiers","metadata"]}},"evmVersion":"paris","libraries":{}}},"imports":[],"versionRequirement":"^0.8.20","artifacts":{"Context":{"0.8.24+commit.e11b9ed9.Darwin.appleclang":"Context.sol/Context.json"}}},"src/Coinflip.sol":{"lastModificationDate":1707748078422,"contentHash":"0ee36e3351bf0d1f37264fa6a6ab1938","sourceName":"src/Coinflip.sol","solcConfig":{"settings":{"optimizer":{"enabled":true,"runs":200},"metadata":{"useLiteralContent":false,"bytecodeHash":"ipfs","appendCBOR":true},"outputSelection":{"*":{"":["ast"],"*":["abi","evm.bytecode","evm.deployedBytecode","evm.methodIdentifiers","metadata"]}},"evmVersion":"paris","libraries":{}}},"imports":["lib/openzeppelin-contracts/contracts/access/Ownable.sol","lib/openzeppelin-contracts/contracts/utils/Context.sol"],"versionRequirement":"^0.8.23","artifacts":{"Coinflip":{"0.8.24+commit.e11b9ed9.Darwin.appleclang":"Coinflip.sol/Coinflip.json"}}},"test/Coinflip.t.sol":{"lastModificationDate":1707747519046,"contentHash":"5f9a3bc1fd6277b51ebd02736dd9e28b","sourceName":"test/Coinflip.t.sol","solcConfig":{"settings":{"optimizer":{"enabled":true,"runs":200},"metadata":{"useLiteralContent":false,"bytecodeHash":"ipfs","appendCBOR":true},"outputSelection":{"*":{"":["ast"],"*":["abi","evm.bytecode","evm.deployedBytecode","evm.methodIdentifiers","metadata"]}},"evmVersion":"paris","libraries":{}}},"imports":["lib/forge-std/lib/ds-test/src/test.sol","lib/forge-std/src/Base.sol","lib/forge-std/src/StdAssertions.sol","lib/forge-std/src/StdChains.sol","lib/forge-std/src/StdCheats.sol","lib/forge-std/src/StdError.sol","lib/forge-std/src/StdInvariant.sol","lib/forge-std/src/StdJson.sol","lib/forge-std/src/StdMath.sol","lib/forge-std/src/StdStorage.sol","lib/forge-std/src/StdStyle.sol","lib/forge-std/src/StdUtils.sol","lib/forge-std/src/Test.sol","lib/forge-std/src/Vm.sol","lib/forge-std/src/console.sol","lib/forge-std/src/console2.sol","lib/forge-std/src/interfaces/IMulticall3.sol","lib/forge-std/src/mocks/MockERC20.sol","lib/forge-std/src/mocks/MockERC721.sol","lib/forge-std/src/safeconsole.sol","lib/openzeppelin-contracts/contracts/access/Ownable.sol","lib/openzeppelin-contracts/contracts/utils/Context.sol","src/Coinflip.sol"],"versionRequirement":"^0.8.23","artifacts":{"CoinflipTest":{"0.8.24+commit.e11b9ed9.Darwin.appleclang":"Coinflip.t.sol/CoinflipTest.json"}}}}}